{"name":"mgjohns_twitter","title":"Twitter","description":"twitter","homepage":"https://data.world/mgjohns/twitter","resources":[{"name":"location","schema":{"fields":[{"name":"locationid","title":"LocationID","type":"integer","rdfType":"http://www.w3.org/2001/XMLSchema#integer","dwSourceId":"locationid"},{"name":"country","title":"Country","type":"string","rdfType":"http://www.w3.org/2001/XMLSchema#string","dwSourceId":"country"},{"name":"state","title":"State","type":"string","rdfType":"http://www.w3.org/2001/XMLSchema#string","dwSourceId":"state"},{"name":"statecode","title":"StateCode","type":"string","rdfType":"http://www.w3.org/2001/XMLSchema#string","dwSourceId":"statecode"},{"name":"city","title":"City","type":"string","rdfType":"http://www.w3.org/2001/XMLSchema#string","dwSourceId":"city"}]},"path":"data/location.csv","format":"csv"},{"name":"tweet","schema":{"fields":[{"name":"tweetid","title":"TweetID","type":"string","rdfType":"http://www.w3.org/2001/XMLSchema#string","dwSourceId":"tweetid"},{"name":"weekday","title":"Weekday","type":"string","rdfType":"http://www.w3.org/2001/XMLSchema#string","dwSourceId":"weekday"},{"name":"hour","title":"Hour","type":"integer","rdfType":"http://www.w3.org/2001/XMLSchema#integer","dwSourceId":"hour"},{"name":"day","title":"Day","type":"integer","rdfType":"http://www.w3.org/2001/XMLSchema#integer","dwSourceId":"day"},{"name":"lang","title":"Lang","type":"string","rdfType":"http://www.w3.org/2001/XMLSchema#string","dwSourceId":"lang"},{"name":"isreshare","title":"IsReshare","type":"string","rdfType":"http://www.w3.org/2001/XMLSchema#string","dwSourceId":"isreshare"},{"name":"reach","title":"Reach","type":"integer","rdfType":"http://www.w3.org/2001/XMLSchema#integer","dwSourceId":"reach"},{"name":"retweetcount","title":"RetweetCount","type":"integer","rdfType":"http://www.w3.org/2001/XMLSchema#integer","dwSourceId":"retweetcount"},{"name":"likes","title":"Likes","type":"integer","rdfType":"http://www.w3.org/2001/XMLSchema#integer","dwSourceId":"likes"},{"name":"klout","title":"Klout","type":"integer","rdfType":"http://www.w3.org/2001/XMLSchema#integer","dwSourceId":"klout"},{"name":"sentiment","title":"Sentiment","type":"number","rdfType":"http://www.w3.org/2001/XMLSchema#decimal","dwSourceId":"sentiment"},{"name":"text","title":"text","type":"string","rdfType":"http://www.w3.org/2001/XMLSchema#string","dwSourceId":"text"},{"name":"locationid","title":"LocationID","type":"integer","rdfType":"http://www.w3.org/2001/XMLSchema#integer","dwSourceId":"locationid"},{"name":"userid","title":"UserID","type":"string","rdfType":"http://www.w3.org/2001/XMLSchema#string","dwSourceId":"userid"}]},"path":"data/tweet.csv","format":"csv"},{"name":"user","schema":{"fields":[{"name":"userid","title":"UserID","type":"string","rdfType":"http://www.w3.org/2001/XMLSchema#string","dwSourceId":"userid"},{"name":"gender","title":"Gender","type":"string","rdfType":"http://www.w3.org/2001/XMLSchema#string","dwSourceId":"gender"}]},"path":"data/user.csv","format":"csv"},{"name":"original/Twitter+data+in+sheets.xlsx","path":"original/Twitter+data+in+sheets.xlsx","format":"xlsx","mediatype":"application/vnd.openxmlformats-officedocument.spreadsheetml.sheet","bytes":15387370}]}